true_cate_hours,risk_score,cate_s_learner,cate_t_learner,cate_x_learner,cate_causal_forest,cate_doubly_robust
8.639,73.1753,17.1682,32.3994,36.1025,9.4164,7.575
21.808,66.6113,29.1604,28.3041,37.5672,18.9966,28.2389
10.406,38.5795,15.5256,12.705,6.1352,14.7098,12.2664
4.592,35.5544,10.2446,9.5808,15.0969,5.773,3.9664
12.866,48.136,7.4692,0.694,10.209,16.4268,25.6045
23.677,100.0593,29.7941,41.8989,40.163,19.5345,30.4161
1.917,23.7515,4.206,3.2047,3.6192,4.2859,5.5213
4.336,40.1348,8.5058,14.2756,12.804,8.0452,6.4921
5.519,10.9307,0.8178,-20.5464,-16.7041,6.7569,-0.8768
3.264,26.8281,8.2035,11.6147,10.498,7.6368,9.1632
4.114,27.926,0.3593,-0.6041,-3.959,5.9176,7.3491
3.842,26.081,3.0016,-8.1228,1.9066,4.7229,5.0827
6.569,49.5727,7.9938,26.3681,29.8794,9.5346,6.7437
7.156,35.8321,6.2157,6.9155,7.8036,9.8184,9.1404
14.704,41.6977,5.7753,7.5084,12.476,14.4841,19.5363
9.45,54.794,26.1913,29.6003,37.4431,14.3008,11.8769
6.968,51.3629,8.3461,10.4004,13.4536,6.3811,6.6623
23.989,90.3338,38.8231,57.4501,40.2008,19.3223,30.0571
8.897,41.3394,5.9996,3.1793,11.2599,9.7539,10.117
10.016,53.8416,7.5764,10.8167,23.7864,11.5536,14.6248
25.27,44.3941,2.6442,7.0905,15.8517,18.553,27.0426
5.755,34.6082,10.3121,-3.0299,5.4518,8.3749,12.8475
3.634,40.6259,8.5093,19.4449,17.0393,6.653,7.6897
2.08,27.9766,3.6433,9.1709,3.6088,4.3629,-0.0837
5.798,51.4533,9.8699,26.6782,19.7895,6.0509,5.9965
11.979,60.9768,17.21,8.4179,16.4232,12.3101,19.3227
1.773,36.9764,8.4805,17.7019,19.2924,6.5748,2.7796
6.444,43.503,14.2212,20.4997,21.1903,8.9714,7.7989
6.396,33.8114,5.0639,1.4981,1.6404,8.2431,6.8081
1.904,28.6041,8.2388,6.8248,7.5104,5.1998,-1.8456
12.583,63.1795,15.5792,32.7702,21.8524,12.7304,15.1837
6.218,43.1049,9.6571,22.606,18.4464,10.4774,11.2128
16.655,50.9378,14.6144,14.202,29.1222,16.3478,19.7329
14.857,59.6954,14.9669,25.8162,20.3147,12.5566,14.1185
5.066,42.8424,6.0775,20.5407,12.4073,6.1187,5.1644
9.716,59.3501,18.891,27.0937,29.468,12.3122,11.2835
4.491,20.8373,9.686,-0.1441,0.3203,7.9566,-1.7221
1.688,22.9407,3.0585,2.5734,-0.0132,4.4759,-0.4019
8.553,34.52,5.8396,-1.0328,5.4913,13.522,23.6371
4.488,41.5842,7.4929,17.961,15.5752,8.0202,5.5514
16.939,54.1436,12.3599,7.3184,11.2804,16.5431,20.9485
9.696,51.9906,12.0082,7.2675,15.5235,10.4959,11.8857
13.102,65.4769,21.2562,37.2878,33.9484,14.586,16.007
2.786,44.5044,10.1623,26.9928,24.9411,7.707,5.2687
3.111,30.612,5.2161,9.6638,4.717,5.1733,2.8584
8.086,36.0557,13.7043,-14.8998,-7.9907,10.259,15.1389
3.838,35.6981,6.4884,10.3344,7.8713,7.2716,5.7063
8.581,29.1653,1.9409,-10.7518,-5.9959,8.8606,9.1472
5.734,39.8061,7.2968,0.9789,6.7561,8.3932,7.7718
7.415,45.534,5.8552,17.8341,13.5915,9.3051,8.7658
4.155,35.9127,0.965,-11.1168,-5.3004,3.8076,1.1906
2.589,36.6015,5.6061,5.3805,7.3431,5.2978,-1.2764
10.029,27.269,-4.0902,-12.3217,1.482,6.6946,9.2009
4.112,20.4187,4.7192,-5.9352,-6.9852,6.3961,7.6472
2.634,30.4688,5.6649,6.2997,8.6545,5.8492,1.6749
3.668,33.9999,9.3695,19.4188,9.945,6.4209,3.9768
6.162,37.143,7.2877,12.0043,11.0853,8.9595,8.5854
11.828,65.1084,21.4686,46.0863,33.4553,13.601,11.9375
7.251,21.9386,2.6898,-22.0876,-5.0426,7.1842,6.2845
6.298,40.437,6.996,0.1147,12.5256,9.9599,4.6941
7.095,38.6169,7.0017,4.8074,13.7524,9.7063,10.9792
12.376,60.6791,40.5745,32.2491,33.0363,18.3492,21.588
3.159,33.754,6.9274,9.4317,11.2061,5.1504,11.3782
22.488,81.8592,33.1166,39.3435,38.0668,19.1374,28.0273
4.689,29.8533,6.4336,9.8544,4.4613,4.4292,8.1139
11.97,44.9993,7.9142,10.9849,8.2677,13.7733,19.1167
2.13,33.4912,6.7746,3.5858,13.321,5.8494,-1.9278
10.019,66.6621,20.8678,33.5456,23.0622,14.3537,20.7145
32.136,98.6662,21.182,33.4988,26.145,18.7685,31.7972
3.86,34.3848,5.068,4.7357,0.0381,6.5643,4.7574
17.401,25.9794,11.2579,6.3112,14.3188,16.924,16.2848
9.279,43.7842,7.5177,-5.8819,5.9703,8.0394,7.8079
5.422,42.4884,7.4982,17.3555,16.6205,7.0718,6.9121
5.511,40.112,12.0538,15.506,18.3491,6.7035,10.7171
2.818,27.6648,9.602,6.1406,9.7199,6.3432,5.0624
5.118,36.4236,2.6735,0.5147,2.2846,4.418,7.7994
5.067,39.2054,4.5408,7.415,5.0507,5.835,7.3699
9.523,50.0004,14.2377,17.9008,16.7229,10.4623,10.3588
5.33,36.1914,7.9543,12.7975,7.4411,7.3092,12.7654
9.153,46.4425,17.7427,22.3723,9.2419,11.2505,13.0935
6.796,19.283,5.6833,-12.1071,-5.4104,9.0116,18.4931
8.715,49.8656,8.1949,9.3945,10.2014,11.0362,14.71
3.64,26.7862,4.7118,-1.0661,0.5817,6.6731,12.9357
8.767,55.3301,17.9567,8.9485,23.2008,9.9888,4.767
10.118,35.7611,6.62,-1.8457,6.9336,9.7573,13.5242
5.198,16.9139,6.8808,-7.5793,-12.6347,5.9562,5.0829
4.977,40.9184,5.6356,17.5148,16.3222,8.6312,8.5149
4.285,37.8,9.3362,13.954,13.2536,6.8249,11.108
8.504,52.4157,33.7693,25.318,30.0472,11.0161,12.9908
1.539,30.1197,8.7896,9.8697,6.294,4.8852,-4.2646
4.875,45.063,8.8578,19.8696,16.5381,7.1999,8.8492
8.11,45.7156,19.0218,8.5802,11.3059,13.485,18.1512
3.407,40.025,6.9634,9.6333,9.2924,6.9378,12.619
15.008,75.1554,20.2546,14.0626,31.0918,15.0569,15.3299
4.69,31.6324,5.0079,1.6361,2.0201,7.0407,1.8508
7.322,51.18,9.5508,16.7736,11.3815,6.7469,7.3534
10.738,56.0165,7.1441,22.0724,13.2731,14.4288,19.5695
3.463,30.5262,4.5189,0.5242,-0.2879,4.8939,5.6727
3.589,30.6609,4.2279,-1.6899,0.1319,6.5416,6.4624
3.248,33.8059,3.8406,8.3778,-0.655,4.2812,-1.1953
14.169,100.6985,40.3995,74.335,50.9507,19.2595,26.3289
2.598,24.5455,5.4953,6.9624,7.546,5.5934,7.3071
13.379,45.8423,15.7278,1.465,19.8279,15.7061,24.1207
4.121,29.9937,2.9297,-0.9044,-4.2051,7.3898,-3.5677
4.316,27.4218,2.7717,-9.8981,-1.1127,4.4824,7.68
3.932,56.3688,9.3677,34.4734,27.9115,7.5283,8.345
17.061,52.947,12.3338,11.1262,12.5306,17.3735,21.5119
7.172,36.8622,5.3693,-2.337,8.1871,9.3148,13.1546
1.554,21.413,4.439,-4.42,4.5722,5.4413,5.1881
4.782,36.4549,10.0993,8.8707,12.8089,7.8247,8.1171
9.546,56.1553,19.4177,26.5471,20.7748,13.3603,16.92
11.018,41.5474,23.2186,11.5625,21.6336,14.0924,13.5773
6.156,31.5207,8.0578,2.6194,10.2959,9.1437,12.7495
6.717,29.3569,6.7725,9.1276,5.2895,7.6908,10.8545
7.525,30.2442,10.541,0.5514,-0.3344,11.1309,20.8266
5.217,36.3911,9.5129,-3.6283,9.7966,5.8068,5.986
5.49,46.3748,5.968,18.1097,13.6462,7.0056,7.1404
8.599,18.9487,1.589,-12.4258,1.5347,9.2987,6.5958
7.153,39.7236,9.321,8.9312,10.8543,9.6106,8.9139
8.898,25.6081,0.4816,-3.8888,0.8113,8.5312,9.6177
4.151,45.9633,9.1832,26.0122,21.2581,6.3493,1.463
5.768,35.1253,8.466,-4.0888,-0.0541,6.0516,1.1739
2.612,22.471,1.6371,-5.0327,1.6507,5.8354,8.4094
26.677,69.0456,4.3284,19.0539,22.9965,18.5836,28.6479
7.493,43.4684,13.8655,27.0492,21.8526,13.362,14.0409
3.904,31.6016,9.4309,0.9389,10.3958,5.2649,9.8335
10.72,43.3411,17.9411,13.9006,10.3138,13.2081,12.2736
8.153,45.859,23.1413,25.96,14.0675,10.7086,11.9613
7.086,49.8692,11.6112,21.8762,14.4829,8.9106,10.1456
5.871,-4.2081,-4.3101,-44.4123,-23.7697,5.0525,0.3667
6.386,37.9173,8.7018,16.4402,19.0767,10.4335,10.5618
12.171,55.5468,20.2657,19.0824,17.4378,14.9879,17.5482
5.102,33.8889,5.8098,2.1149,-2.7208,5.9751,1.4958
5.662,28.286,4.4848,4.5848,2.7072,5.9527,8.858
4.319,39.9049,5.1623,5.2358,11.5022,6.0871,9.1469
5.014,33.181,7.1557,10.2714,14.4089,8.9287,8.0957
9.906,31.8169,12.3789,-1.6726,10.2441,15.9599,17.6242
3.543,27.3611,3.6652,-14.8609,-6.4856,6.148,2.3782
7.929,38.3697,6.0583,6.7761,2.1458,10.0289,9.3638
3.878,28.2425,9.4322,8.01,8.6104,6.0305,6.3423
3.333,33.058,2.8364,3.6681,5.1065,7.1272,7.5197
3.039,26.1285,5.2848,-1.4691,2.9422,4.9497,-0.6884
4.186,38.4586,1.6133,-4.0679,-5.0116,3.9592,7.3097
3.364,21.8261,7.0475,0.0463,3.2942,5.9469,0.7647
6.104,40.4393,9.7204,6.6877,13.0565,6.3759,14.3725
5.144,32.8674,3.4106,-5.6719,-4.8312,5.2622,6.6852
18.44,45.8805,11.9589,12.779,-0.1982,17.1575,18.7562
10.038,29.4375,8.2564,-0.7104,-1.0276,12.8273,12.351
5.831,65.3252,17.2427,56.4758,34.2818,12.5971,10.7642
8.39,53.7885,11.5548,12.6105,19.615,10.5959,20.7518
6.634,18.6661,9.7921,-6.4878,2.2608,8.959,17.477
2.484,24.8271,4.3686,-7.3699,-5.3992,4.1572,7.0443
3.752,17.3529,0.7639,-19.9711,-11.6032,4.7912,1.6986
4.57,18.079,6.156,-5.9927,2.0382,6.8628,7.8963
4.93,35.8151,13.407,9.9394,12.3558,8.9598,10.3071
9.014,58.9851,11.4769,20.7849,21.6236,11.7086,11.5853
4.354,31.802,9.9226,15.8767,16.3671,8.6281,10.2542
6.816,41.1476,6.4717,4.9835,3.291,5.9538,6.1659
4.683,46.2333,8.599,19.9519,21.6522,8.2656,1.0724
5.428,35.4273,5.0862,24.6861,14.0035,7.2267,6.2787
15.258,73.5888,18.5779,30.9676,22.8996,16.6166,17.3893
1.302,13.4553,6.0432,5.8699,-1.6795,6.4735,6.1826
2.563,37.8269,6.8391,11.9695,16.678,6.5862,4.7466
5.663,37.669,5.8376,12.0338,4.4162,6.7996,15.0848
3.91,27.681,5.1551,3.6795,4.3945,5.09,1.0009
6.681,43.4868,12.4134,13.3118,21.6548,11.7643,10.6375
8.063,50.6148,18.8868,27.0049,18.9777,10.5054,11.391
3.298,28.9137,3.0062,-9.6153,-4.9361,5.1803,-3.4536
3.047,13.6185,-1.8488,-5.8418,-7.4137,4.4704,5.268
7.355,38.2691,11.2796,7.0089,-0.5935,11.1244,10.0795
7.447,18.7919,12.4207,0.2237,4.4436,10.3763,10.9229
21.301,68.3611,22.9506,32.441,26.3187,18.7677,29.8101
8.033,41.9003,16.6111,9.9754,8.5329,9.2503,5.692
3.574,31.2076,7.9409,4.9214,4.0073,7.4181,7.5223
12.947,53.6125,12.4867,20.901,19.3905,16.1684,20.4687
7.575,42.4896,6.3705,7.4483,11.423,9.4277,11.0646
5.234,37.8069,8.441,13.0437,12.0566,7.6998,8.5272
6.762,34.5069,8.4115,5.4916,4.4822,8.7216,18.9166
5.668,14.4902,4.9974,-27.4845,-22.045,6.8311,5.4869
6.536,34.121,4.951,1.9179,0.8346,7.933,12.2706
4.68,38.8288,5.0175,10.8785,1.3568,7.6822,4.9804
1.625,23.5728,2.9914,7.992,-2.5451,4.3449,-5.9335
2.301,27.5871,3.7926,2.9518,-0.0349,4.8032,6.7701
2.273,43.3017,9.0272,19.9761,11.8313,5.6076,-7.9665
4.853,38.7062,5.6172,16.5372,6.39,6.5986,1.714
4.26,36.2968,4.6795,10.4645,7.934,6.4336,5.1997
2.959,26.1009,10.2483,3.828,7.9448,6.536,4.4311
9.556,53.737,16.0371,22.2495,23.45,12.6671,13.3271
4.338,22.2429,3.7422,-8.7079,-4.4765,5.0744,-4.6635
3.097,33.4745,6.0274,4.3724,8.3826,6.2036,11.9824
3.405,30.2728,3.8789,7.3783,3.3967,4.2199,4.6872
8.654,37.6799,5.1123,3.4872,-2.4515,8.1027,8.3258
15.108,63.7077,7.2948,6.5054,14.9975,15.8415,20.4612
3.833,38.0373,7.9236,13.6572,12.3901,6.1461,-1.1298
4.059,39.2921,5.4886,16.2267,12.3265,6.0324,9.9291
3.651,30.9347,3.9763,-1.0524,-3.9701,4.2011,4.5667
13.361,34.8581,12.0269,0.1421,10.8914,16.6738,22.21
6.371,28.9388,0.9105,10.5558,19.4744,8.4675,7.9115
2.428,18.3137,5.0402,-2.0619,-1.1753,4.0185,3.5758
5.269,30.7375,4.6156,-0.694,-5.5127,5.3257,11.2514
9.695,46.4339,26.8862,28.9254,30.6915,14.1332,10.7684
5.615,32.1246,5.7925,-5.6717,4.4417,7.6031,2.2383
9.902,62.1933,31.4911,38.9546,30.0737,16.3597,22.2942
4.904,25.9653,5.0283,6.1739,8.3277,6.8084,4.2547
4.984,38.1058,8.9146,15.6676,16.7242,6.7008,7.3596
4.383,30.9381,2.5091,-10.8601,-3.0233,4.3112,6.0095
3.95,21.6331,4.8173,-5.8498,2.5064,6.4738,9.8258
9.116,36.3625,8.8291,12.1366,9.6623,12.946,16.8703
7.305,48.8857,15.1666,13.7732,7.9746,9.6829,13.3036
8.854,41.4631,15.0901,-2.1433,0.7001,12.6292,13.0298
4.586,31.0011,4.2125,-6.5726,-0.9443,8.0776,3.7147
4.565,12.316,6.6148,-11.747,-13.6412,6.9073,2.2951
3.434,25.6762,4.7392,4.9748,10.2808,5.731,0.5815
6.642,51.5435,13.6852,28.1754,15.1962,7.8409,9.6991
3.167,25.5122,5.2294,1.002,2.8681,6.117,4.754
9.695,43.7124,6.6276,2.5884,9.1869,12.16,22.4685
9.516,46.1602,13.8467,26.8476,17.4437,12.9423,14.9125
0.528,21.7676,9.5465,14.9491,14.1689,6.2531,-1.6951
3.726,30.8227,3.696,3.3452,3.3574,6.126,2.1475
2.528,25.8008,5.2205,-1.4971,-0.4894,4.6555,4.1521
4.337,24.5005,0.2486,-12.7242,-13.0177,4.1443,9.8875
20.138,76.635,24.3326,38.5884,38.1651,18.2178,20.3251
1.824,27.107,8.5269,17.751,7.3528,4.5404,-1.3929
5.757,42.388,7.2348,14.763,10.7704,6.0052,4.4697
5.517,32.8342,5.055,-4.2457,6.4127,6.746,8.4829
5.461,35.9089,13.937,16.5998,20.4188,10.7662,9.4657
4.487,36.6919,6.7343,10.1153,10.6368,5.9,7.9277
6.84,34.1177,7.2384,5.1056,1.8174,9.1825,12.7476
2.482,30.4086,10.7462,16.6243,15.3353,7.3034,8.6373
12.715,57.9835,12.6589,28.2783,22.5757,14.5184,24.2034
2.4,26.1278,5.8394,6.7771,6.0554,5.0525,3.0056
11.537,45.093,11.879,8.0501,4.2641,13.2989,10.055
3.259,47.8122,8.6854,27.0249,24.0737,7.3614,7.0597
9.077,43.9937,10.2374,7.2697,10.1708,10.0436,8.546
3.531,31.3362,11.6519,16.7691,19.6655,7.5984,10.201
3.964,19.7581,6.3641,-2.0527,-5.4615,4.9057,4.3139
2.298,23.3383,2.5868,-2.7657,-1.6106,5.2824,2.1103
5.444,43.8692,1.3754,-2.6211,0.8147,6.0364,7.6586
5.613,30.7809,5.5124,11.4104,5.1126,6.8462,8.9288
9.79,42.5417,16.5097,2.2171,1.5836,12.4699,15.1159
4.86,37.1637,-3.985,-6.2347,-16.2287,5.0775,10.1349
9.231,52.7182,19.0357,25.7519,14.3012,8.6402,10.3853
9.097,58.6274,12.4337,24.5167,25.8838,14.7599,19.6363
1.977,30.4163,1.2868,-6.2651,4.0827,4.5973,0.4671
2.984,40.6498,6.825,16.4704,13.2673,5.8057,0.1865
8.952,31.0928,4.8268,-2.0378,-2.8074,8.0954,8.5532
2.789,27.7656,8.4196,5.0364,5.06,7.302,1.7683
12.012,51.2941,-0.9647,-16.3938,-6.9817,11.3031,9.1616
5.224,33.4174,7.3689,17.2192,9.1686,8.4893,-2.9166
8.704,39.6672,4.7632,12.643,20.125,12.2305,12.5975
2.889,41.0073,11.6712,27.8207,31.8508,6.5882,1.9733
15.631,52.0878,15.089,3.7548,17.3247,17.1443,19.1053
4.641,43.3026,10.1271,20.7806,23.4595,8.4655,6.4682
5.472,26.8273,11.8845,2.0679,12.2538,8.3472,11.9431
6.075,28.8575,4.7313,-1.7976,-1.0123,8.2306,0.2719
4.44,31.3265,4.7818,7.7229,5.0805,5.8567,7.0656
39.117,73.6075,19.3064,11.4284,25.6727,17.4275,32.6797
5.549,43.8915,5.8721,17.3262,13.2403,6.7155,12.1364
6.103,34.7896,6.3191,10.4323,11.7356,8.4398,4.4941
3.89,38.5445,3.4367,12.1243,9.7031,6.4647,5.1244
3.505,25.3691,4.8575,2.2164,2.4836,5.2929,-2.2526
2.133,23.9292,7.8773,15.6195,9.3532,6.4462,3.7039
3.361,33.1434,4.5971,3.9099,4.8735,4.5994,3.8832
6.074,27.1195,13.0362,0.2767,-0.5183,9.2098,10.7653
5.839,35.6453,5.4003,0.7173,1.4993,6.6478,7.5156
7.158,43.3883,7.2035,9.3474,6.0342,8.5289,13.4356
3.438,35.0663,6.9851,11.2805,11.1258,5.7511,9.0584
5.206,28.9711,7.567,-6.2098,10.4808,7.0391,12.0433
3.795,38.0187,5.3732,14.5713,14.8426,7.0742,2.3389
4.311,39.0643,12.5799,19.6024,16.7124,7.468,12.8101
9.466,45.3433,10.1557,17.3504,12.3192,9.6457,17.8936
2.804,33.7661,4.9125,11.8985,7.4505,6.8807,2.0807
14.088,67.9905,35.4873,34.136,39.5605,18.5783,24.3781
5.559,30.926,12.567,8.1029,7.4556,8.3826,10.9174
9.509,38.733,5.5841,-2.7761,-1.0109,10.8133,14.3821
13.027,53.5187,16.858,28.2674,21.4606,14.7302,23.9227
7.471,60.3101,15.8426,30.922,25.345,10.8203,9.9301
4.332,33.7043,6.0078,10.3177,8.2625,7.009,13.1905
9.842,59.1464,10.2659,24.2508,7.8329,10.2519,8.858
4.74,37.9559,10.1934,13.4165,15.559,6.5947,3.6616
8.097,42.9397,14.7112,22.5058,20.0968,13.226,11.6839
2.898,33.2146,4.8245,-0.5615,-2.1715,5.4142,0.7053
1.632,27.1057,6.4675,2.6182,6.3746,4.7154,-4.4374
9.506,57.4085,19.8608,20.6448,17.1458,12.2624,12.8027
5.727,33.2886,1.9372,4.0463,2.2811,6.2118,6.4619
2.568,35.8368,11.4016,26.17,22.9418,7.1849,6.8019
10.847,34.2817,10.3838,1.6398,11.8035,11.9167,10.8122
14.243,70.2063,38.2182,36.1466,34.5273,17.9725,19.8251
3.236,28.0214,3.1493,-10.8197,-9.383,4.9004,-7.71
8.254,47.9431,9.9553,10.2584,8.7244,11.4368,21.1455
3.246,42.8182,7.9746,16.7492,14.5356,6.7194,11.337
15.795,46.8098,11.0923,6.6592,13.5716,15.5928,18.6304
10.569,10.6055,-7.409,-34.5472,-25.1493,7.0434,0.5256
4.829,31.2831,8.3768,16.4741,11.4242,10.9295,20.0794
8.892,42.2082,13.7568,21.8011,19.9494,12.4638,19.4434
10.065,47.6434,13.7778,14.6433,37.3874,14.3357,17.1907
4.878,31.8103,4.4928,0.2356,7.9315,5.5881,2.4682
5.44,39.5246,9.2397,17.2582,14.3131,7.9964,7.609
2.825,44.9792,8.9059,26.5386,25.649,7.826,6.125
6.653,33.0862,12.3088,8.7104,10.2963,9.2302,10.397
19.292,56.8082,1.9052,-5.9407,-6.9375,14.0371,17.5122
1.277,31.8749,3.8713,3.8735,7.6535,5.5538,4.8592
15.182,81.6197,29.5613,49.184,34.5123,17.9519,22.539
1.166,15.1638,6.6832,5.6354,1.8254,4.5276,-1.1649
5.942,33.8668,11.2108,-0.0679,2.2046,9.5823,9.4114
9.726,46.3979,18.555,14.3328,13.2449,13.4915,15.4356
6.625,57.2268,11.8908,31.8345,36.644,10.1747,16.6858
4.958,37.1843,3.5601,9.5893,11.2355,7.5777,7.728
1.641,25.0236,8.8236,-0.8955,1.7519,6.1333,2.8485
5.369,46.023,4.7695,13.6088,14.9119,5.3629,5.6655
9.492,43.9507,8.3951,15.8206,17.0187,11.9618,11.8028
20.952,58.4178,15.7535,4.5036,21.7105,16.7622,23.4911
8.555,65.4618,27.0644,48.497,45.3376,13.6824,10.4962
14.412,59.9983,6.8164,9.081,8.9826,12.0102,13.2756
2.527,23.3501,5.2187,-11.9538,-9.3161,6.1915,7.9655
6.876,33.6962,11.6107,11.7236,10.1701,8.8005,8.4626
3.737,25.8876,6.3412,-2.5054,-0.2041,5.662,4.8776
4.909,27.3251,7.0986,2.3357,1.7733,5.7535,2.0761
3.869,24.477,4.6091,5.2987,0.0297,4.3797,7.326
2.95,30.6928,7.7412,13.8987,13.7865,5.7471,-0.2
3.11,34.1764,6.7294,11.8474,11.1175,6.0361,7.5813
4.323,27.1839,3.6716,7.0385,-1.8283,6.9632,15.8989
4.932,18.4545,-3.2819,-7.9119,-5.4712,5.354,-0.1563
12.875,76.0111,32.4423,49.7994,49.7961,19.2308,23.4252
9.527,47.496,8.8007,12.5091,13.2036,10.5677,14.1714
2.694,10.8494,2.1234,-12.8048,-18.8319,3.8613,-4.0338
4.81,41.7368,4.5921,14.5279,12.8878,6.4082,4.814
2.11,38.8788,4.3565,-0.2994,6.2363,5.78,1.8838
6.374,34.3957,6.7024,7.3069,9.6652,7.9115,-2.5014
5.829,40.6942,3.4031,6.51,8.6609,5.3122,6.5236
9.148,45.0956,11.9907,6.8591,6.9298,10.2401,10.294
2.459,28.1791,6.323,0.7537,3.8384,5.4188,-0.1794
2.644,44.0901,5.8778,15.1553,7.8833,5.9359,-2.2867
5.316,35.0315,6.3027,10.163,6.9592,6.7261,8.5638
4.213,38.9017,3.8055,-3.661,-2.3395,4.7746,6.7185
12.009,57.7936,10.6411,7.2676,0.9044,10.0446,8.772
21.627,96.1695,20.898,54.991,37.0753,18.8821,26.5025
8.679,53.9336,10.6868,26.3899,15.9482,9.1394,11.0145
9.302,51.3046,13.8055,10.0712,19.1478,9.3966,7.0092
5.01,19.3783,-2.034,-19.7913,-14.3007,4.302,5.238
5.794,18.956,11.2195,3.8879,-6.461,6.1581,6.9383
10.296,55.1033,30.977,19.5405,13.2421,17.099,28.5358
3.412,30.562,7.2357,10.9558,8.7762,5.1005,-1.3549
22.288,62.2617,31.6202,39.5501,33.9653,18.7518,28.202
4.647,39.6392,5.391,2.2188,2.4164,6.6023,4.862
3.939,38.992,10.7723,14.0402,17.7336,6.1786,2.098
5.862,30.1274,7.0549,6.0589,4.8783,6.5259,9.9329
10.643,36.7765,14.3778,20.4764,21.2862,14.9491,11.1013
17.504,33.7005,-1.0391,-23.8999,-13.4773,15.1102,23.0171
4.428,17.8574,6.1368,3.5027,5.8099,5.8523,4.0796
9.338,56.9272,23.6472,39.478,31.6875,14.3144,12.5413
4.038,44.8673,12.9464,29.6706,26.1156,8.3028,8.1517
1.829,30.5664,4.7899,11.0634,10.0029,4.4406,-0.3026
4.55,39.2588,14.0771,18.9638,12.719,8.2874,14.6587
16.721,86.8397,41.1737,51.6535,45.7003,18.3253,28.0425
5.122,40.177,9.0302,15.065,11.783,8.3068,6.4304
6.671,33.2385,7.0162,12.8311,-1.412,6.485,6.4818
8.956,41.5391,10.3317,6.6163,19.637,14.017,10.6812
2.59,34.8348,8.8705,13.4224,13.8744,7.5364,-0.4851
2.633,25.4753,4.6637,3.7552,4.809,6.3698,9.3567
4.542,53.4586,19.3178,18.3238,13.0365,9.4001,10.7103
4.341,31.5413,7.3112,15.7156,10.1393,7.5425,11.0027
6.542,35.2376,8.0435,16.1267,9.1955,8.5145,2.2276
7.718,46.1282,13.3616,11.7393,16.3145,9.1856,4.6037
6.771,26.8461,8.2699,4.0193,6.0433,9.1331,19.019
6.921,53.3938,12.9808,10.98,8.8819,8.2222,6.7544
10.615,26.5528,7.6841,-17.1321,-4.3494,13.1405,16.3724
7.088,40.1441,15.6105,20.1527,10.8047,7.5771,6.1796
11.69,73.0942,24.6,38.9167,38.5536,15.6916,15.4711
1.134,23.1765,3.0842,-3.9782,-6.1996,3.8372,-4.968
9.586,27.2495,1.5068,-15.3923,-9.0755,12.8859,18.4207
6.427,38.2233,3.6205,-5.318,-3.9734,6.1848,15.6214
4.719,27.5025,4.9173,0.1397,-3.6559,6.1478,5.4411
5.502,37.9165,9.8792,12.8477,14.3376,5.9853,6.1245
2.621,20.9045,4.4987,-0.0765,0.4497,4.6532,-2.6194
16.854,74.7559,18.3888,33.7768,38.6284,17.5405,27.375
20.653,63.0581,9.7524,-6.6198,29.8097,19.5475,25.3197
9.415,44.6193,9.271,14.5153,13.3797,9.0908,9.9137
4.177,38.9967,5.007,11.915,9.9323,6.0089,10.9703
7.022,48.5322,9.0254,25.7354,18.5946,10.1772,14.4206
4.595,35.7137,4.6257,4.7035,1.218,5.7706,4.8591
6.367,30.6661,14.6151,7.1622,18.2554,11.5115,15.9308
5.506,39.0585,7.163,11.6417,5.8885,7.1577,8.4312
3.677,36.1405,8.5482,14.8029,9.1399,7.6236,1.5712
6.685,36.1957,6.9781,3.725,6.2086,9.876,19.3393
4.743,43.0827,13.7667,18.7979,19.423,6.8926,-0.5974
7.312,29.8212,6.1757,3.9806,4.7463,9.1798,3.9507
6.615,26.3463,8.4658,4.6694,4.5807,9.0682,13.9145
5.761,38.0099,1.4432,-2.5496,-5.6905,6.7231,1.575
15.025,75.5673,26.7143,45.3902,34.3682,17.2998,21.8442
11.065,43.7756,25.747,26.6118,38.0283,15.7402,21.385
5.715,34.5837,9.6188,11.0024,11.5875,6.3782,16.2402
3.925,38.2832,5.2307,12.9546,12.0212,7.0438,2.5911
7.996,32.3251,6.2058,9.353,6.3404,9.5373,13.5044
4.39,35.7885,13.7529,3.5946,6.2405,6.7005,1.4877
23.754,108.4148,34.3365,40.708,43.153,19.7405,28.8868
17.298,74.3628,35.0531,36.6405,40.5698,18.9526,30.5635
5.193,53.0992,1.706,16.4744,10.421,7.5615,7.0874
17.636,92.0537,26.6614,50.1005,43.8705,19.1702,29.1639
3.19,24.8174,3.5557,-11.1872,-4.9451,4.9137,2.5791
10.257,47.8732,14.5013,9.717,10.7022,13.3156,11.179
2.556,21.1615,3.0379,1.9932,0.4434,3.8446,-2.228
3.85,25.3783,3.2966,0.2745,-0.6993,4.4872,6.192
4.05,36.4343,5.624,12.523,15.5031,7.1092,-1.3516
0.825,15.7787,4.6971,0.3028,0.8151,4.0349,-5.0099
8.339,53.7156,23.0731,26.8001,24.8959,13.0902,12.6637
10.599,44.081,7.5547,0.7232,7.5682,13.6398,14.4754
6.273,41.9752,10.1509,13.0327,13.6451,10.2311,16.4152
6.58,55.977,15.5534,20.4756,14.5113,6.7966,9.7698
6.75,45.7668,16.3867,18.6618,15.74,7.1283,15.0452
7.444,59.8642,18.1956,37.6018,38.6077,13.3731,10.0742
15.123,70.7444,30.016,26.586,32.4823,18.0818,28.9281
16.89,63.6722,36.1459,31.6951,47.3233,18.4755,27.9527
10.496,34.6767,11.7025,14.8089,8.9273,14.635,19.0664
10.922,45.8599,6.7557,2.4892,6.1155,10.9534,14.4748
5.483,40.2596,10.0705,10.034,12.9139,7.0474,10.1106
3.96,31.3531,7.9236,5.9481,4.6804,6.3893,4.4593
9.694,39.4944,4.6988,2.2151,1.5448,12.2217,22.6158
19.152,89.7351,22.5777,57.0942,48.5111,18.5074,27.409
4.592,27.81,-2.18,-4.4837,-7.6749,5.4013,9.7605
5.769,29.7534,3.5156,5.5224,2.3081,6.4104,5.0607
7.593,60.3709,3.9597,27.397,22.7219,8.1357,13.307
11.274,38.6414,14.0855,0.2313,12.1657,15.7292,26.0021
21.619,49.4973,18.2496,12.6195,24.5398,19.3448,33.9515
4.945,30.0617,3.8256,3.5017,5.9622,5.292,4.5389
4.943,30.2702,9.1154,5.6386,7.5391,8.1079,12.5778
5.666,31.8652,2.6135,-3.0491,-0.006,6.7213,4.8914
3.251,17.8042,2.0384,-6.929,-5.7002,3.7318,-3.6366
2.882,19.7323,2.0069,-11.8193,-2.0947,5.0249,3.8777
3.999,18.7959,4.6863,-1.3754,1.4034,3.5412,2.7132
5.31,28.5499,-2.0102,0.3575,-10.7983,5.7446,9.6383
5.07,43.4826,8.3555,12.5043,12.5103,8.0628,8.0317
5.383,34.1111,9.9593,13.5702,12.9414,7.993,11.6712
27.424,81.9389,6.754,29.9367,25.9823,19.049,33.4554
6.569,47.7593,6.9344,2.4893,1.7844,10.9884,15.0825
6.426,41.2867,7.6914,11.5383,20.3216,10.013,19.8141
3.859,24.5693,2.5241,-4.1897,0.579,5.8647,7.6732
12.283,69.181,38.7495,54.4309,46.718,15.2937,13.6829
7.28,29.852,14.0156,-7.616,-6.0801,11.9872,16.5704
5.62,12.778,0.3449,-22.9721,-7.9724,6.8729,5.4448
11.606,61.9843,14.6956,16.8601,23.0574,15.983,19.486
3.494,35.8033,4.8265,0.8917,6.1995,6.5719,3.3317
11.144,23.2515,9.8969,-16.0668,-6.2847,13.4566,14.0476
13.454,50.903,29.2375,21.1578,27.3035,14.416,12.6507
8.427,51.4797,18.936,22.8213,16.4432,8.6336,15.7796
4.097,31.6072,7.8524,8.9286,4.2656,5.6721,10.5071
4.616,30.3024,6.4611,-8.2728,-3.3095,5.5495,5.1237
6.482,37.6626,8.5089,12.4276,10.5003,9.0632,8.5869
18.262,86.7227,52.0692,52.5031,53.6156,18.7399,20.6231
4.402,45.5305,16.8997,20.5133,17.8192,6.731,-1.3053
7.165,54.7675,17.6694,24.1095,20.6542,9.2823,8.5551
5.248,40.3507,8.0896,14.1918,15.5174,8.4776,12.032
5.693,42.7638,10.3644,18.0165,12.4851,9.0339,9.1747
4.564,40.3359,5.506,6.3314,2.6405,5.6856,9.0745
3.687,30.8545,10.5829,10.014,8.9972,6.1611,-1.5767
4.54,19.493,6.028,-7.2329,-2.2806,7.9243,-0.5379
6.389,31.4919,4.2257,3.4116,2.3002,6.5899,6.7216
9.163,64.8702,24.1566,38.0694,41.0402,12.103,8.7691
3.417,35.7723,5.8333,4.3816,2.5305,5.9803,10.2021
3.533,34.7267,5.6552,-0.6989,-0.7473,5.4362,4.5717
8.324,28.058,14.4046,15.6861,12.9473,14.5964,13.2032
11.83,57.432,15.3965,29.2966,25.9123,15.2891,19.1703
18.387,96.1273,22.9331,52.721,30.0084,16.7472,20.4927
23.361,86.7753,30.8325,25.259,34.1167,19.5898,32.8509
1.487,20.9374,2.1739,-4.2155,1.1682,4.2715,0.0519
13.843,105.0613,26.3049,56.5493,43.0075,14.4092,18.0478
2.519,27.9769,3.4645,-5.5961,-3.8308,5.0036,7.5287
11.718,56.812,3.4907,-3.7967,3.076,12.3086,22.2298
2.423,24.2062,3.6648,-10.1048,-5.2314,4.7094,-2.0851
2.943,13.6783,4.2575,-9.0178,-0.9092,3.9272,1.6787
25.605,79.9776,22.1515,49.7138,50.3472,18.7123,29.516
5.099,43.2823,8.3555,13.1455,14.4862,7.7648,8.1093
1.211,24.4505,7.8921,12.8469,3.5117,6.5797,6.2477
16.34,50.5989,7.41,-8.0605,-4.2067,14.8712,20.1942
2.851,31.1836,1.6747,10.0393,5.2929,4.655,0.8778
4.589,41.6073,8.8967,18.0551,18.3623,7.221,6.7815
3.425,11.1871,-2.6365,-23.0792,-12.4358,5.3175,-8.4342
4.537,16.8838,2.5474,-12.8862,-6.5896,3.8753,9.8148
15.67,36.0786,8.8436,-8.7643,3.734,16.0498,20.1504
16.312,48.3011,23.1537,25.5951,23.8347,16.795,20.4018
9.912,41.6272,6.5769,3.0942,12.5117,12.1076,13.9174
15.001,55.7653,19.0059,16.3386,23.5879,14.5163,17.0117
4.103,31.0696,7.4151,6.5247,4.2207,4.976,6.4674
15.941,77.5335,16.2396,25.3037,30.368,17.8118,21.4595
2.721,23.7905,3.6831,2.7842,6.6871,5.7305,2.1454
6.769,25.1332,1.7058,5.0376,3.165,6.1515,7.3299
21.859,90.0916,35.7839,46.9837,44.472,19.1541,30.686
7.88,51.9076,19.2781,15.3899,21.9586,8.9845,10.8476
6.073,40.3701,8.9335,9.0956,11.0223,8.367,8.8635
5.962,30.0437,3.4884,-11.8171,-2.0006,6.2114,3.273
8.198,55.0337,25.8491,33.566,32.2058,11.8435,9.1921
14.37,51.371,6.793,8.9707,-8.0326,12.6418,19.6795
4.842,24.885,2.7448,-5.745,-7.6916,7.7781,3.3304
4.643,24.8525,3.045,-6.1726,-2.5712,6.1112,-3.8346
9.886,50.2686,6.7011,10.8669,16.4996,12.509,20.7722
19.805,42.1769,4.6397,-10.2547,0.369,17.1606,17.7638
2.115,20.0882,2.4333,-10.435,-1.225,4.6668,5.0185
10.251,37.4603,3.6729,-9.4278,-2.719,11.3779,8.3212
10.052,45.4308,7.7265,8.3162,6.0814,10.9236,11.8019
2.496,25.8658,5.7823,5.1981,4.8171,6.1504,-2.4063
4.651,17.58,12.9359,2.3179,2.2507,7.4659,10.0418
3.624,37.9414,7.9839,12.7991,8.1412,6.7114,6.2025
26.05,89.1148,42.1565,45.9811,51.2378,18.5598,40.6386
24.428,43.2079,-4.7526,-39.6551,-16.7725,16.0455,24.8208
7.075,40.936,4.5511,-17.896,-21.4457,6.1411,-2.0964
1.114,13.1787,4.3283,-2.9019,-1.5222,5.0053,0.7013
5.291,32.3655,8.6722,6.4728,9.1169,6.2582,10.9303
15.494,51.2291,17.6796,18.387,28.652,18.8535,23.0515
6.595,45.365,23.0672,20.749,19.493,11.8511,5.79
2.083,35.1039,3.4851,14.2919,4.526,4.1245,-2.303
15.61,75.3517,16.3342,30.9365,30.742,16.4338,18.1192
8.058,28.5301,6.4773,5.3563,8.941,9.0399,7.3865
5.388,29.0016,6.7624,5.5262,5.0816,6.96,13.7971
9.797,51.3823,11.4166,11.1388,11.274,14.0214,10.772
2.052,31.4042,5.4683,6.5717,5.9282,4.5559,-1.2029
6.732,29.658,4.7938,-0.2152,-2.4366,9.2599,12.5865
18.788,86.2031,34.0575,44.6733,45.9936,19.6623,28.8318
2.925,26.8503,5.6652,13.0861,9.7572,5.3651,3.1249
10.787,35.7789,10.3708,6.1133,13.5321,13.3565,22.3358
2.359,23.4514,4.265,1.6258,6.6699,4.6558,5.5044
8.621,51.5347,10.0107,29.8409,14.829,9.0763,17.2832
7.505,27.6428,-1.9196,-0.5603,7.093,7.2967,8.2154
7.896,44.3191,16.918,19.0688,13.0249,9.866,13.4548
5.292,28.6228,-1.2195,-12.3186,-3.1908,5.8541,1.6819
9.052,39.3117,11.9415,11.1945,21.7795,15.1912,22.9545
0.763,21.4256,4.4043,4.7231,-4.3407,3.9779,-7.3114
5.097,32.8797,9.0668,14.2526,11.4394,7.3719,11.4457
5.757,29.7175,1.6573,-5.188,2.0423,4.2632,7.8643
11.293,50.1034,1.7559,4.3817,1.385,13.2972,13.7469
6.832,28.6847,4.1668,-11.2081,-3.7419,10.4123,15.6418
2.488,26.4413,5.3261,1.3571,4.5088,4.6038,2.7702
5.642,30.7972,4.6096,0.1918,4.7533,5.147,9.1036
2.953,28.1523,4.9265,0.3163,3.5412,6.1381,2.4869
11.911,45.1027,12.0833,8.9716,12.9501,15.7087,18.9345
6.811,26.342,2.9463,-9.9145,-8.2235,8.8282,3.1057
5.7,29.5105,9.6136,8.0907,4.8055,10.5781,13.9781
2.657,25.3122,5.5708,4.1122,7.334,6.8638,8.6024
5.347,34.0903,4.9396,7.7119,6.0692,6.8046,8.4088
5.555,32.6342,9.4378,13.3171,9.7965,9.6938,3.2037
10.317,42.4114,18.1779,13.4829,9.7314,13.834,21.1797
7.891,40.066,5.7035,8.6225,4.8377,5.3654,4.8465
7.232,20.9448,0.7046,-26.8984,-19.3869,7.9589,2.3232
8.622,45.2641,3.7165,12.6832,7.2001,10.9195,7.9367
6.509,42.1987,5.7551,0.7865,12.784,10.9098,12.4624
2.213,27.4469,4.4027,5.3964,5.6345,4.7953,2.7293
8.296,49.7268,7.4761,10.3572,10.6481,9.563,14.383
7.863,46.8608,19.5286,24.0235,37.3295,12.7686,8.8763
9.597,39.2831,5.4989,2.3363,3.9186,9.3067,13.2467
9.153,25.8515,9.588,0.5336,6.47,13.2728,16.2623
4.692,16.4822,-1.4554,-5.0578,-0.3567,5.7382,3.5763
5.01,32.2637,3.0345,7.0278,10.1553,5.6055,4.4207
13.717,47.645,16.7156,-3.3034,4.7969,15.4095,8.778
5.281,41.552,11.7545,6.4707,13.4727,7.7237,8.4193
8.111,38.0055,11.0015,15.7864,12.6133,11.709,21.6522
9.097,30.5857,4.5009,-0.9078,-3.7273,9.1085,14.7497
3.374,34.8708,8.6879,18.0411,17.307,7.4425,6.3015
5.443,22.3132,12.5171,5.2174,5.6728,10.1819,14.7895
1.903,30.1622,3.5163,5.8806,5.9538,4.7414,0.0231
4.156,30.6633,6.7572,5.6402,8.1326,6.7459,7.0139
4.751,38.983,5.9974,8.92,4.1489,6.551,8.1971
2.383,6.3196,-4.53,-35.2628,-17.8433,5.1938,-2.7069
5.403,41.097,5.4536,8.3137,7.7862,5.4388,6.4557
4.754,42.4714,1.5956,-0.0302,-1.7936,4.3514,13.6499
1.518,24.4314,5.0206,2.2112,-4.8319,4.0024,-7.0296
2.817,24.6309,5.5826,2.2106,-2.2454,4.3354,5.7186
9.702,59.679,19.2715,27.4428,19.0523,11.7643,13.0373
13.217,59.9926,5.5219,-0.1333,-4.4883,12.0685,8.5573
7.642,43.6816,12.228,8.4479,17.596,10.1976,9.1464
6.137,24.2004,6.0553,-7.6418,-2.3658,8.8922,8.8431
2.0,17.1284,7.1928,-5.0291,4.8749,6.3564,1.2319
7.108,33.7269,8.1159,8.6136,1.01,8.3296,7.7974
11.458,59.542,16.6017,28.946,22.3959,15.7702,20.0193
2.649,29.9052,5.4962,14.25,5.3168,4.4391,5.1108
3.35,31.7512,6.5656,7.4431,5.7948,6.2904,3.275
2.44,30.8246,7.6492,11.3467,8.1684,6.4061,1.9069
2.75,31.7586,6.1626,9.465,8.3475,5.4283,4.6159
5.781,32.1734,1.0315,-7.9252,-6.7805,6.7259,3.5491
9.99,53.3271,12.0976,9.492,15.3726,11.4675,12.1964
2.284,28.4708,5.2765,6.0828,2.7091,4.422,3.2764
1.61,15.1598,0.8778,-17.2901,-9.8524,4.4159,4.7434
6.083,55.4124,15.6887,26.8041,17.1531,10.8307,18.764
4.84,34.6128,5.2756,5.6292,4.5123,5.2552,7.0731
9.802,56.3533,9.6595,9.0752,25.9671,13.8739,17.7078
15.94,67.3029,23.3239,34.2462,37.3253,19.0951,23.1182
4.036,32.9267,6.4746,10.3688,9.2807,5.4488,6.8255
6.578,15.706,-5.0343,-28.7085,-15.5507,7.9604,8.5484
6.744,26.8745,4.8654,-4.4895,-0.8379,8.3294,14.6278
2.504,23.7234,9.1231,1.0002,4.9228,6.637,3.8765
2.831,33.5429,4.5386,4.3207,1.7234,5.3559,-5.8493
10.09,46.7241,3.7779,1.6221,7.2971,9.4524,14.6008
5.7,40.2478,4.4706,12.8531,9.0745,7.2004,7.4983
5.623,37.1304,11.4543,15.1729,16.5687,9.6987,10.0141
2.102,28.9641,4.0405,-0.9362,-1.1527,4.4916,7.3122
15.022,85.3536,43.3299,45.6574,45.1871,17.9562,30.2599
12.194,49.9415,10.3946,6.3825,2.4999,13.0183,11.3681
3.87,27.765,9.2657,2.0317,1.216,6.1193,-1.7455
1.831,19.3838,2.896,-2.5256,-6.6405,4.6894,-3.2631
12.832,45.5485,19.03,20.3432,13.9292,14.9657,10.8178
10.33,55.3972,11.1864,19.1404,19.5544,15.6564,19.2762
4.244,40.2853,3.5128,8.3591,4.5514,5.8736,8.6497
3.868,27.2237,4.7832,11.7721,6.5741,8.3947,16.5814
2.908,33.5621,4.4098,-1.8181,5.2236,6.1562,10.2702
8.768,49.1678,22.9053,24.6442,22.4725,14.1564,12.4657
9.538,47.7361,17.4347,18.1812,25.6443,11.8804,5.037
7.165,38.6608,7.6651,5.8224,15.194,10.0192,12.9511
0.6,25.8618,8.8638,14.3393,11.0754,6.6342,4.3119
2.235,26.3373,9.0426,12.7035,4.6174,6.8491,9.6477
2.882,29.7547,8.558,13.3336,13.6724,5.8486,0.9292
10.475,44.4346,13.9653,-0.1137,11.7606,12.3107,14.4248
2.845,17.5514,2.9378,-2.7412,-0.5354,5.2308,0.7213
7.484,35.7457,7.4963,0.2106,6.4509,9.5384,15.6913
3.566,35.8116,1.8769,11.5027,7.2608,8.1625,-0.8903
2.317,23.3799,6.4732,9.358,1.4722,5.2544,2.2022
14.044,84.8643,37.3485,56.5667,43.7964,19.2874,18.3929
5.147,24.9439,9.0392,1.7066,9.8468,9.208,12.7939
6.993,39.7325,-1.2335,6.5201,5.8929,7.242,-1.62
5.813,25.4776,6.8252,-5.8192,-0.5683,9.0459,15.1203
4.959,35.3445,6.4401,9.4306,13.5153,4.8486,1.1259
3.08,25.4648,2.3611,-4.4172,1.8972,5.4418,9.1383
1.695,21.349,6.072,4.4873,1.8234,4.3187,0.0403
7.64,53.2471,17.2398,27.8417,30.0742,15.135,13.0885
4.276,38.2416,8.1476,12.2317,9.6268,7.4885,8.153
2.989,36.251,5.4412,13.5693,11.8449,5.3672,4.9026
7.964,32.3409,6.3321,7.0291,4.5299,8.7312,17.888
12.566,55.1286,28.3376,32.8801,26.0039,16.9291,18.5403
5.949,43.4594,6.7998,22.5169,17.46,8.7123,5.0184
4.427,44.0928,9.1554,22.8208,18.9756,6.6416,3.5474
9.024,30.0008,7.0135,4.5057,6.355,13.3091,11.6506
2.292,24.7179,3.9023,-2.5596,-0.8053,4.5783,-5.5961
4.942,25.0515,3.4514,2.9447,4.4159,6.407,11.1083
3.476,33.8971,8.618,9.9757,17.3948,5.5721,8.2002
5.274,52.9467,6.9005,30.1073,29.9076,7.6938,11.3256
8.884,53.8563,10.6168,20.4132,24.3432,14.2919,17.8561
6.158,39.9297,14.6399,13.8312,8.745,10.2297,12.0512
4.041,24.0055,5.4719,-4.0253,0.8934,7.0399,3.8762
5.851,36.7499,14.445,18.5095,16.597,9.8072,10.1525
7.917,28.742,5.7431,-4.5446,-0.8568,9.4924,13.7785
5.806,46.1397,9.5754,17.1863,13.0348,7.7571,15.1147
10.396,37.3461,9.2556,-1.419,8.8768,14.0105,24.1125
1.918,35.3161,7.0788,15.9548,14.7035,6.6382,-0.9455
7.632,41.9595,6.0645,15.1167,10.0455,8.0533,5.7009
27.99,85.9084,20.009,20.1955,21.4195,19.0383,23.3161
3.155,24.0247,5.3979,4.8691,3.0323,5.0055,3.2884
5.07,39.4148,12.2193,12.5793,23.133,9.3029,5.6656
5.503,20.2199,-1.6282,-8.2497,-6.1175,5.5881,5.2391
6.628,30.2507,8.7235,8.4703,12.8289,8.5714,11.5702
5.049,27.8115,8.254,2.0373,7.2528,7.327,9.8638
8.823,53.3031,15.7358,11.3553,14.298,11.9406,13.0129
5.084,25.8169,4.1916,-14.7516,-9.3448,8.635,11.9786
5.736,41.5912,8.0388,6.4046,9.4048,7.4132,7.3344
12.494,66.079,11.7501,30.1426,25.9121,13.8928,17.2132
4.744,36.6492,3.3129,13.7306,4.6958,5.9902,9.037
5.541,32.085,9.5019,10.258,20.8086,8.4798,8.5067
6.339,37.2695,7.8494,11.78,15.981,9.367,10.5983
6.497,38.8775,17.0968,14.6351,23.3501,11.6135,11.5109
17.166,49.2391,20.5305,3.1797,21.1826,15.6594,16.814
7.102,42.5142,12.4798,7.4732,7.1166,8.4887,11.5254
5.022,50.2611,8.7904,27.2235,25.7276,8.6719,9.6107
5.389,53.6274,12.7974,17.9169,19.4108,9.8577,10.4092
4.309,29.0009,6.4222,12.3009,8.8331,7.2088,-1.8631
9.619,61.8694,18.7025,28.9875,21.9491,13.2317,11.3558
5.55,28.4995,9.5326,9.3344,3.7221,7.1455,4.9518
11.704,99.2381,41.4832,66.8095,46.0787,18.3481,25.6153
1.954,24.9766,4.381,1.6403,4.0791,4.27,2.418
15.424,43.3513,16.244,19.5738,23.4863,19.1505,27.1508
5.165,29.8515,8.7769,5.157,11.7483,8.5098,14.1566
3.444,35.2432,9.8258,17.5032,18.93,7.5528,4.1994
5.274,36.0952,6.4457,13.8782,8.4791,7.3551,9.678
5.283,26.7327,11.5888,5.5682,4.4205,8.0821,9.1201
3.196,37.762,4.6745,2.058,8.6561,6.0653,7.2465
0.594,17.3495,4.7775,0.4069,10.8018,4.9478,0.2097
3.505,29.2984,8.0938,12.5493,14.1751,6.8405,4.2612
12.242,70.352,21.7337,46.2398,42.1496,14.5663,14.9954
1.431,36.921,5.5623,11.9326,15.9402,6.9245,4.3415
2.455,24.4666,5.6276,8.5943,0.8797,4.3652,4.4515
4.568,42.4473,9.9321,23.3967,24.2075,8.834,6.0162
3.801,25.3458,5.0532,4.7118,4.4245,6.8219,1.1332
9.587,59.4439,6.0132,20.7928,10.4685,14.8295,14.7448
11.154,44.9381,11.3534,11.6475,7.6991,13.7818,18.2859
6.641,29.3428,13.229,12.504,15.4475,12.2617,9.3017
29.308,117.1604,30.3099,54.1715,42.8227,19.1654,31.293
2.477,21.6314,3.835,-4.7107,-5.027,4.3518,7.3958
10.172,55.2822,13.6201,10.8945,12.4231,11.8148,13.9191
4.692,17.8319,7.8077,-11.7848,-0.9834,6.2594,9.6487
8.582,47.5135,12.7338,15.998,13.4337,9.9524,12.6108
9.106,33.4369,9.0689,5.161,3.0275,11.8109,11.1676
6.015,44.0182,6.4056,19.6262,15.9759,9.5553,9.9664
10.467,57.5487,13.4511,28.353,21.3829,14.6169,17.6966
9.437,49.9971,21.0167,22.375,13.6565,13.367,7.9552
13.644,59.6335,27.797,27.2473,24.6094,18.1591,18.397
7.506,36.5318,6.509,1.6947,9.3344,8.7461,14.6528
4.17,22.5524,6.2235,1.7692,10.2013,6.8749,8.5069
7.163,33.6694,6.4517,-4.227,6.1878,8.5445,12.6247
9.18,50.6651,6.195,10.364,15.0831,12.4236,13.1249
8.339,59.3085,11.9472,18.2293,28.1568,9.3344,6.8478
3.451,34.8118,10.3877,12.6222,8.9559,7.845,-5.2825
8.906,62.1898,17.7052,30.4876,39.5496,11.7008,10.4724
8.309,36.4094,9.2038,10.9565,5.2735,7.9847,8.6389
2.32,31.1348,7.6671,11.5642,3.2056,6.2794,2.2561
6.452,48.1514,9.6573,26.5988,14.9661,7.4163,13.9396
8.828,28.8168,5.7796,-2.3095,3.3891,13.9772,18.097
2.471,30.3778,10.5313,17.2234,13.2431,5.5569,-1.6754
6.209,45.2101,9.2903,8.8942,7.152,6.7993,4.884
4.561,40.7727,12.2673,20.6749,11.8112,8.3913,10.0965
9.522,47.9322,23.1623,7.6333,8.4442,13.6238,9.3575
2.245,19.5618,6.0709,-1.3579,-1.7106,4.9612,8.0132
3.58,36.0962,3.9337,11.7257,6.7548,4.6105,9.1092
12.066,43.2499,10.4664,10.0371,6.2862,13.003,12.1795
6.049,56.0331,15.9191,30.7638,28.0521,10.4299,16.1098
5.665,30.7117,5.1636,10.4106,1.9327,6.1693,7.8764
2.223,27.5963,5.4719,6.1895,9.0961,5.4642,-0.8654
4.348,41.0377,13.4565,24.2641,20.2886,8.4326,8.4094
10.317,43.7908,18.8108,14.1915,18.4463,14.8764,18.1932
4.423,31.5893,6.255,8.0392,6.3537,6.5622,5.4393
5.65,32.8964,5.3428,3.0646,3.7364,7.2561,10.3902
4.837,32.6887,1.5305,0.847,-0.1704,5.1676,14.6661
2.658,17.1382,7.2062,0.7221,3.8357,6.9747,5.6819
6.457,46.0274,8.5486,11.9212,11.0692,6.1135,0.3792
4.37,30.6266,9.846,12.4937,11.3773,6.9833,11.3305
2.273,36.5397,5.0384,10.5342,7.4011,4.9999,1.1548
4.867,43.3262,9.2035,18.2303,18.4172,8.2212,13.1706
3.041,34.1289,6.0265,0.5427,-1.3542,5.1796,9.5436
13.61,18.13,5.8411,-28.2648,-13.6305,16.5966,12.8519
4.443,35.87,7.4444,6.5992,8.2249,7.8819,5.996
2.993,24.5237,10.7794,-0.7219,5.1676,6.4512,3.791
1.343,25.5007,4.3652,4.3675,0.6663,4.9225,-1.6484
6.945,28.5165,5.7607,4.4946,6.8497,8.0262,10.5418
13.17,76.7454,20.246,44.4756,28.0791,13.9744,19.5718
3.198,32.5729,6.8421,8.3122,7.1442,5.6379,5.9972
2.793,32.3034,5.2278,9.6167,6.3577,5.2543,1.886
7.15,34.5606,15.2784,15.7341,23.939,12.487,11.4156
3.858,30.362,4.348,-8.3892,-1.7568,5.4204,2.9678
12.731,58.8222,20.662,35.2666,31.9235,14.7194,16.4815
4.616,33.8811,5.3031,9.8343,5.9564,6.0492,14.2514
9.517,67.5031,16.4234,45.6002,25.1183,12.4663,7.5956
3.54,33.7477,4.3522,5.7103,0.6104,4.2585,8.5486
3.49,28.1624,2.8499,2.9025,-0.0903,4.6835,6.3161
4.824,33.692,9.665,7.6765,12.5944,7.6968,3.6048
1.141,28.2669,5.189,5.2854,8.169,5.4725,5.0828
3.878,36.0242,12.7188,14.3494,14.3171,7.3783,10.6453
13.435,37.9455,12.8886,-15.1331,3.2628,10.9349,6.1317
8.297,40.0581,16.5075,3.1385,2.2477,11.3916,6.2611
4.694,28.1647,11.8444,13.7487,2.0965,6.325,5.1193
10.665,52.2222,9.5777,15.6613,3.7073,10.9387,9.561
16.088,44.8901,22.3403,24.4114,23.1757,18.1721,22.5781
11.968,49.6337,8.8025,-2.0883,2.5662,13.8578,14.8932
8.373,45.3491,18.4452,24.5868,28.7189,14.5349,12.1291
4.14,36.3825,4.0572,-1.7811,1.9545,5.984,7.1333
4.769,27.3463,3.8646,4.721,2.6768,6.604,9.184
8.032,34.9841,9.6826,-2.0572,4.7986,10.4356,15.2398
4.693,26.7761,8.2241,10.3926,8.0399,5.5801,7.6464
20.726,71.4514,23.9193,45.0722,24.6123,18.5838,24.5829
16.821,84.4433,13.7078,17.704,26.2401,14.5779,19.1669
6.682,41.2891,11.9017,12.4693,12.0996,9.7142,9.9094
5.31,29.0081,4.4187,6.6698,1.8029,6.4865,6.4025
15.398,66.1463,19.7542,12.2033,20.9135,17.3274,23.4578
2.734,24.1393,5.0002,-0.5476,0.0813,5.995,-2.5434
14.071,64.1798,11.9011,33.8534,16.998,15.8701,25.8645
6.713,35.5235,8.1073,9.5403,0.9134,8.8757,11.2268
5.16,30.2523,4.3988,9.2904,7.6813,6.8434,9.6827
3.269,30.7834,6.7158,4.5065,7.7882,6.0542,2.754
6.855,29.1794,4.0248,-12.8844,-2.8766,6.5863,3.3332
4.744,34.4589,10.9875,12.0819,11.6849,8.5506,6.562
4.108,17.7223,4.9412,3.896,1.5337,4.8656,13.3998
11.775,77.9694,40.5342,47.6264,36.2365,17.7705,24.1746
4.285,38.7757,7.5745,20.3385,20.2675,5.9826,0.8289
6.495,42.2217,10.3902,24.0901,19.187,10.8769,10.2864
11.119,58.5162,16.5542,25.8819,31.7115,15.5118,26.376
5.331,21.8324,6.2037,-10.7815,3.3414,7.6909,16.3508
3.339,28.6431,-1.6021,-13.2897,-10.0089,4.1913,9.6358
4.574,29.6646,10.6481,13.9916,11.7049,5.6893,7.467
7.521,49.3337,14.7783,22.2012,25.1163,10.5268,8.8149
13.567,44.5854,11.4385,13.205,3.4637,14.0663,13.6004
11.242,47.0974,18.4157,7.1139,20.5469,15.2809,15.4448
5.483,23.6559,12.2367,-4.0857,8.541,8.9088,15.5549
8.889,40.1753,6.5825,4.8774,6.086,9.4273,15.1383
8.082,58.959,18.1253,34.7155,26.5072,11.4659,16.9694
8.344,43.3907,7.1869,1.8893,5.1772,8.0406,10.4964
2.885,41.9126,3.0703,20.3979,14.8327,5.1906,6.7718
5.643,43.646,7.0062,8.5674,2.1304,6.6226,7.3407
6.352,13.158,1.0609,-14.9979,-11.3961,6.5854,0.9063
5.527,63.2226,19.2904,45.1983,33.6189,12.4142,15.3041
1.754,28.0289,8.0723,6.1115,10.6972,6.2091,-1.2539
8.567,31.0715,7.4395,-13.0386,-6.7831,8.279,14.0678
4.223,38.4795,5.439,6.4461,2.7485,5.6534,5.67
7.091,39.3048,12.3831,1.2826,8.5946,7.5354,4.3773
5.387,32.4947,3.8938,3.6794,3.7722,7.005,4.7434
13.956,32.0416,15.9746,-7.5252,2.11,15.9959,13.6853
23.099,84.6805,32.1546,34.933,36.3953,19.2261,28.847
4.704,19.3395,1.8118,-13.4898,-14.5325,6.3588,-6.0035
10.351,35.4951,13.848,5.7258,18.5182,15.0263,25.7249
4.435,30.212,3.9207,2.0733,3.1522,5.1407,-2.3031
4.26,33.751,5.582,12.8485,11.6711,5.6473,8.9599
3.751,36.2242,12.6564,22.9307,20.3784,7.9423,12.0908
5.513,23.8998,3.8665,-9.002,-2.2468,9.0572,8.5896
3.204,29.1206,5.8227,0.9497,4.6746,4.4493,-6.4425
4.967,41.8908,6.9176,13.5676,12.6696,6.651,11.8207
5.644,25.5611,7.5446,6.0261,10.2556,8.6337,11.2949
5.191,37.3051,8.9716,10.9805,11.7803,8.2797,6.217
4.627,30.1432,16.0949,4.3517,2.4199,6.7236,3.9172
6.044,37.1335,4.7467,-1.436,3.2774,7.0948,3.9735
14.104,103.0849,29.0773,65.4474,46.9211,13.985,17.645
2.057,32.2339,8.5647,9.8299,12.1995,4.9529,-2.1728
8.07,37.1303,10.7143,12.2924,14.6153,9.8296,16.3577
9.025,48.3064,17.9827,7.9456,9.5484,12.7687,13.9887
1.747,36.4841,6.4142,15.0714,4.1159,4.4932,-0.6266
5.562,43.9824,9.7702,23.2569,16.2787,7.0077,13.4285
3.393,36.0852,1.8877,-7.6744,7.0672,4.6435,1.0891
11.246,45.0806,22.164,15.9337,17.4009,13.6296,15.0224
5.589,33.8009,4.3428,-1.5168,-3.3175,8.5861,4.0494
7.384,33.8174,3.4484,0.2185,4.9326,6.9161,7.6938
4.339,33.2483,9.3862,10.2368,17.113,8.1091,8.0298
4.593,44.9511,6.2464,18.4074,20.2769,5.9528,-0.6281
4.006,32.1442,7.4117,7.818,8.3137,6.6707,4.8572
16.631,42.9011,7.2103,-15.2853,-6.2209,13.392,11.1181
13.071,41.7865,10.049,6.2368,7.8842,12.2904,21.6296
2.536,23.5517,7.724,0.5836,2.4727,5.449,1.3144
3.006,25.8582,5.6536,-2.1047,2.9216,5.702,3.9303
2.043,29.9968,7.1993,4.6317,8.4162,5.1134,5.0344
3.447,29.5953,6.7966,8.9269,8.577,5.4113,3.3654
9.403,56.5034,11.4512,30.309,24.1447,9.5213,11.6251
8.639,65.0119,18.3043,31.7922,29.6024,12.598,11.116
12.676,64.0745,13.9954,5.6448,17.4468,13.1627,13.2045
2.323,24.4,3.6064,1.9841,0.9086,4.4354,6.0918
4.181,29.1361,11.4978,12.9603,9.5276,7.8442,1.5455
7.274,31.4828,12.9059,5.8443,10.4988,11.8024,10.7053
7.852,46.944,7.839,3.8331,-2.4648,9.522,4.9776
11.646,40.7814,21.3353,23.6553,21.5001,14.0077,15.3212
11.727,63.5385,16.6711,32.6925,18.5914,15.8568,20.983
2.07,23.6885,3.0907,-10.6996,-3.1786,5.1588,1.1109
4.82,37.228,9.5618,18.0514,9.9735,9.4581,16.6298
3.068,30.5414,4.9291,-7.3223,0.0522,6.738,3.0898
16.637,89.2365,26.3139,59.9313,47.2244,16.6926,26.1281
9.606,26.215,9.1829,4.233,2.7963,13.2652,18.1027
11.453,53.4243,9.7246,21.687,27.771,13.4889,17.4745
12.932,51.4308,10.7549,29.3493,30.0384,17.2461,21.0619
14.365,33.2997,7.4542,-19.7345,-4.2293,14.1365,13.318
4.804,35.8232,10.4886,11.603,14.1859,5.8598,8.7785
0.766,14.5685,2.8773,-8.7954,-5.5586,4.6059,3.4178
8.123,29.7855,13.9933,10.3592,8.459,13.5019,18.4383
9.359,54.7705,5.2891,18.146,23.1193,12.1129,16.3642
8.758,47.3034,4.9439,-0.8631,0.1711,10.0598,8.6448
13.021,72.4589,33.158,39.5008,19.2798,16.6885,17.5863
2.941,25.2952,5.0108,0.9909,1.0806,4.4567,-1.6666
0.92,34.7489,8.4238,8.1252,10.8077,6.0735,2.3026
7.515,34.1039,18.3105,10.8459,9.1495,8.4823,11.9861
9.924,61.7941,19.1274,28.1215,27.6829,12.888,16.9771
21.612,81.503,38.3091,37.3363,45.2685,19.2648,36.0697
3.778,18.6116,0.1504,-7.8942,-11.6065,4.4089,11.0992
5.033,35.2552,4.6599,2.1708,2.5907,5.1234,0.4283
2.415,24.5338,4.5357,-6.0931,2.4204,5.8629,1.1748
4.743,36.5368,10.3809,14.2817,12.3788,7.3539,1.0745
1.104,19.4786,9.4134,9.6802,12.2763,6.1929,-2.2642
10.388,48.9678,6.914,4.3328,4.0502,9.5701,7.4715
6.48,53.0022,15.5887,22.7222,19.901,8.091,14.346
8.433,44.4251,13.4468,22.5308,9.8699,8.7552,18.8014
4.323,27.5619,8.8982,3.3514,8.1232,6.0842,0.4739
5.192,39.7149,5.1107,8.743,7.8041,6.0813,7.4983
4.678,32.3573,6.1413,11.3287,10.4598,8.6349,13.5673
1.953,34.1993,8.8807,18.0807,9.5273,5.1333,-1.5611
5.323,27.0134,7.4491,-12.0305,-3.0326,7.1917,1.6892
13.971,65.6302,38.7792,29.4434,38.636,17.0443,29.7541
21.95,55.3773,15.7552,-4.6648,14.2645,19.4025,28.2332
6.091,36.8602,4.1324,1.9551,8.2566,7.4227,6.9524
24.88,67.4966,13.0844,6.6108,12.9927,19.0223,29.4985
3.165,46.8805,11.4296,31.9317,26.8796,7.0169,2.6462
6.593,38.1344,5.7583,9.0585,9.1205,8.6446,16.2759
3.76,29.3578,4.8505,1.0364,2.3226,4.8486,6.0715
8.363,41.185,21.7861,13.4654,15.1476,12.8308,12.7564
5.739,33.7709,4.3134,5.2385,9.521,5.5426,8.7845
9.988,56.9221,8.5421,13.2965,11.1499,10.3078,19.4174
3.19,28.3634,2.1622,-4.2709,2.6832,4.7729,5.4256
6.243,23.1924,7.8878,-1.0673,8.9637,7.4815,9.2087
7.123,41.8699,12.3364,11.6723,13.9808,9.3158,14.2783
7.997,26.2979,2.0687,-4.0017,-10.9655,8.0801,7.4859
3.299,23.8012,6.3348,4.5284,1.7487,5.6453,13.5526
18.903,72.7307,39.6078,31.1617,35.7746,18.9442,28.493
4.384,34.5202,6.0654,12.2892,9.0755,7.0317,2.9611
6.577,27.3313,-0.3309,-13.5324,-14.4499,6.4574,4.7373
15.878,39.8914,18.6957,19.845,24.9753,19.1495,24.0181
3.741,19.7223,10.9932,-1.8102,-1.9139,6.9696,8.5437
3.179,28.0002,6.5449,8.3457,6.1821,5.0564,5.4966
7.914,52.3371,24.1845,23.9335,22.8114,13.7576,13.4489
14.44,41.8792,8.6338,5.0382,5.5991,14.5157,19.6607
7.928,33.7232,16.1728,14.7216,19.8976,15.0912,25.33
2.667,26.2917,9.0616,9.5148,12.0437,6.0584,6.4462
2.158,21.638,4.0403,-11.7069,-7.0393,6.2764,5.9612
5.431,39.005,4.7842,6.7876,8.0478,6.4289,5.2093
8.421,42.3308,5.1071,-8.1647,4.4009,10.8478,20.2824
13.679,45.0211,18.3342,23.2646,23.1954,19.7948,23.6775
3.213,28.7052,1.7492,-0.6276,-6.6757,4.2154,8.268
7.485,26.4857,8.2724,4.0553,-4.1264,7.2654,7.5985
10.314,43.4849,4.7614,9.3533,12.767,12.6745,22.6591
4.697,37.8612,6.4858,14.0668,18.3611,6.4673,1.4418
1.905,21.8315,5.6545,1.7528,-0.1938,4.5878,-3.5654
3.6,38.8942,3.5668,11.7773,5.7811,4.2452,7.5667
12.219,50.5898,18.2486,19.082,22.9624,14.4105,15.2462
36.538,76.327,17.1499,27.1025,26.242,18.1207,37.5189
5.29,32.7861,11.25,7.6269,4.2682,9.7809,14.0569
4.046,30.3167,4.2626,-6.8124,-3.6072,4.0677,5.9129
5.919,39.4091,14.5716,20.6475,9.0482,10.5236,11.1199
11.061,38.0717,6.0056,-7.9292,2.9036,10.6629,14.1595
7.467,21.2523,3.5592,-8.0934,-0.637,8.8463,-0.8853
7.451,40.7123,6.5567,6.0733,7.5778,7.7902,11.5923
10.175,38.1687,3.9912,-6.3289,-1.8237,12.6327,12.1948
5.366,38.4287,3.4293,2.012,0.6917,4.879,6.4153
8.821,47.352,5.5242,7.0802,8.6268,11.5026,12.4447
7.397,61.054,18.2479,30.8166,25.5006,11.0354,11.9588
6.804,52.3618,7.9086,24.7552,14.8331,7.7702,0.5996
1.971,18.7757,3.3549,-1.8382,-4.5088,3.7976,0.8329
12.022,40.9937,5.8978,0.2117,3.3818,15.7598,19.2455
6.826,37.5526,6.3825,14.0107,11.646,9.7918,11.6469
7.101,28.2322,5.2391,10.2804,8.2553,7.2518,10.5534
2.249,19.9696,3.9433,-1.1768,1.9752,4.7281,1.0736
6.631,41.5997,15.4104,16.8898,13.7419,10.6609,13.5232
4.016,41.714,7.9098,23.0797,19.5204,5.4568,7.0735
11.83,49.2396,20.2629,19.8295,13.0946,13.9563,16.3966
4.844,37.9705,13.1546,21.3382,13.1343,10.8813,9.7134
9.908,52.2594,10.9854,-0.1646,9.2489,13.6623,8.5205
4.3,43.1853,7.6651,26.7677,25.2896,8.0572,10.3263
8.869,50.2553,17.4771,28.1726,19.3597,12.8614,11.4159
1.643,21.4461,6.4402,9.9719,6.7941,5.1279,-1.8198
3.47,12.7402,-1.1094,-10.8951,-10.803,5.2181,1.2747
4.235,31.1709,4.5483,0.175,5.3062,5.3348,6.3636
16.589,35.904,16.3732,5.0639,17.3591,18.8332,18.899
1.765,35.2905,4.9047,13.4888,3.6504,4.1534,-0.2777
7.956,56.605,18.1705,31.8429,25.7424,13.12,11.9904
9.106,42.3786,8.0302,16.211,15.6515,9.4369,10.2105
5.765,45.3778,6.2896,15.9447,27.4323,9.1907,6.3691
2.449,26.159,5.441,-0.1178,-0.5471,4.8276,2.7896
2.58,35.4912,4.7807,8.3788,6.3781,5.8208,4.2657
9.093,41.9745,12.443,5.9041,10.0282,11.1136,16.3846
4.102,24.1964,5.3816,-3.1191,2.5345,5.4898,4.8771
2.273,30.5184,6.1662,9.312,6.3532,6.2166,3.7747
9.928,32.5695,4.3928,-5.1426,-1.2,9.9169,15.1911
12.852,54.7407,12.2512,8.7375,13.9546,14.4305,19.5546
4.534,37.3157,10.0559,17.8517,16.4361,6.3622,11.666
22.936,93.2239,16.8131,38.8833,25.2793,18.7713,28.1815
9.928,36.9467,10.1544,8.005,5.2319,14.155,11.419
12.628,36.3367,9.3525,2.5344,14.0184,15.8056,26.3849
3.599,32.6888,5.9087,11.0056,11.7972,7.0591,-1.2449
4.309,25.2892,2.734,-4.0267,-3.0358,5.6396,2.1701
17.04,69.4508,22.0968,21.7136,27.0224,18.235,22.148
6.672,38.7017,10.6024,14.7794,11.449,11.2103,10.2327
2.828,25.132,8.7288,0.8819,5.1994,5.9932,-1.5937
9.432,24.9391,6.9303,-9.302,-4.5575,11.6106,15.5517
11.067,40.0614,12.4073,10.5088,17.637,15.6171,27.7359
4.77,35.5757,9.2643,8.3656,16.9806,8.7741,9.6586
4.984,27.6357,5.3158,-7.031,0.0188,8.6002,8.6071
6.056,34.1957,11.0785,20.1005,16.4383,10.6401,14.8474
7.278,44.6414,6.646,13.3012,16.9225,10.5936,5.0187
5.614,37.7856,7.8446,15.9575,5.0255,6.8472,6.9148
6.176,30.0077,8.5448,6.6463,13.465,10.4043,5.8948
5.16,49.1093,11.9293,35.01,27.7262,11.5617,19.0712
5.809,39.9399,10.4344,25.5371,12.9315,10.2964,9.2261
4.781,32.5556,2.7434,-8.6043,-7.6461,4.4615,12.4593
1.446,30.0608,2.6761,8.3202,0.4262,4.5258,-4.9341
5.466,47.5522,9.3293,15.9634,12.0071,6.8174,14.8821
4.987,3.0242,-5.5633,-40.494,-23.5315,4.6948,3.64
4.669,43.5595,9.338,24.9119,26.3335,7.3045,2.3229
8.147,58.4866,23.7716,38.3458,23.6268,11.8286,6.598
20.3,79.663,27.5718,29.5393,39.9161,19.3369,25.7277
4.862,25.4147,-0.7032,-3.5105,-4.6939,6.0806,4.1487
18.218,52.8464,1.7655,-1.3872,14.8702,17.0243,19.6283
4.062,37.382,5.438,8.1208,2.9374,4.9369,-2.3636
2.22,27.8313,4.0643,-4.7996,-6.484,4.7016,6.6394
9.498,59.1832,17.5651,25.921,20.3143,10.8201,8.6409
6.123,20.0822,2.5918,-7.2211,-1.3576,5.9893,13.7551
5.798,43.1671,9.4325,19.3129,17.1828,8.0927,0.7676
7.821,46.7499,7.1631,20.4077,16.2404,11.1619,17.1082
4.843,38.4383,9.4099,6.5642,8.2218,6.3053,11.699
4.088,34.4172,7.3239,9.0052,15.4836,7.9221,7.517
18.736,24.7708,-2.3211,-26.2937,-23.9778,16.6911,26.8316
6.331,17.1488,2.508,-25.0143,-14.0262,8.3405,6.8273
2.769,31.5093,6.2749,12.4714,10.414,5.2087,6.6549
11.171,58.6145,19.1753,20.3966,26.1852,13.7638,10.6847
7.549,35.6707,12.8137,7.4908,19.0217,9.5226,6.0294
2.278,39.3166,7.9971,17.007,17.6952,5.7655,-2.8501
2.769,25.3766,5.2713,-4.3142,0.3621,5.1249,4.3496
6.59,26.9641,5.6838,-0.7124,5.5539,6.7518,5.4548
1.758,26.0645,3.0379,-2.1553,-7.4095,3.8639,-4.1186
14.987,39.9593,23.481,-13.5017,12.8957,15.7996,15.1877
5.729,36.4706,4.4651,-1.387,0.2286,8.5911,4.5931
3.903,25.3598,11.0841,8.5324,5.5257,6.8344,8.1452
7.869,47.8542,17.5491,19.1675,14.0884,13.362,12.6142
3.131,28.766,5.2848,2.9797,3.0018,4.9708,-0.4031
0.727,18.7206,8.156,10.8493,12.0153,6.4536,-0.8058
4.584,26.3342,2.413,-5.684,0.364,6.731,8.0052
11.412,46.2821,7.6305,-4.7422,-2.4707,12.4335,16.1511
5.644,34.2282,10.0119,4.9559,6.6,8.6336,7.553
8.88,45.8864,9.3959,14.5645,10.2361,7.849,8.1003
1.361,18.5611,4.0781,-3.0352,-2.0804,3.7572,1.2085
8.221,48.012,13.733,24.0369,10.3314,11.575,15.6576
5.538,30.364,7.0239,6.4183,13.1106,8.1903,4.6102
6.093,28.586,10.4517,0.476,17.0068,10.4288,9.9853
2.22,23.8472,7.1613,1.3564,5.6982,5.1608,1.215
11.889,63.8732,23.0949,24.6747,32.5478,16.3535,25.7017
8.469,45.5313,8.0913,8.313,16.2116,10.9796,12.5793
5.768,43.6174,8.3548,29.0306,24.2497,8.4678,10.3707
16.319,61.1169,7.7682,-13.0284,15.4438,16.8897,25.9598
6.987,69.827,10.8049,25.5474,26.6973,9.8365,10.686
20.793,81.9906,12.4229,12.8052,8.7893,18.0562,4.8703
7.135,29.536,9.09,-0.9746,5.1599,9.5877,14.881
3.728,22.8407,-1.2876,-9.831,-15.9315,6.5826,4.9439
9.361,44.202,7.0079,6.3407,2.2374,10.0441,19.6977
4.866,30.5134,7.2832,13.4409,7.2457,5.4336,7.4165
9.758,40.9435,10.3305,2.7354,14.3442,13.904,18.057
7.281,43.1955,12.493,16.5461,11.01,9.3043,19.1475
3.562,26.3551,6.9586,8.3389,7.9518,4.6761,4.7215
7.971,35.7245,5.0568,6.1818,6.3739,8.35,12.4801
7.419,43.183,9.8618,24.3882,22.0669,9.7143,13.3567
2.143,18.1673,1.4972,-16.731,-3.4155,5.013,0.6607
9.126,60.1875,25.2575,36.7721,31.5818,13.4801,11.9884
6.508,30.4059,5.5663,-9.9973,-6.0246,8.1797,15.3177
4.993,31.4691,5.7869,8.1142,10.0854,5.9167,5.6008
9.217,38.5218,16.1799,18.9529,14.3196,13.4092,14.9208
13.915,55.7282,25.2496,20.3084,26.7182,17.3415,20.772
3.325,37.3003,8.9958,19.6129,12.4224,5.7431,4.3003
5.002,35.716,3.2123,9.4796,3.6698,5.0882,0.834
14.526,48.9595,11.2537,6.1982,16.2252,16.7748,23.7731
4.975,29.5013,8.6969,10.4536,6.3308,7.0407,14.0684
8.63,38.3568,7.2396,0.8535,8.121,8.6311,8.8908
2.452,36.2766,5.6973,12.9018,12.4202,5.5229,2.8158
5.188,35.3391,6.4889,9.4151,8.0352,8.0316,4.4428
21.903,97.6154,33.2999,26.3827,27.0833,18.8532,24.5783
4.326,35.1581,8.047,14.2193,11.107,6.6433,11.7427
4.767,32.2791,6.6345,4.0419,0.0299,7.2152,3.7344
4.809,34.0638,6.0643,8.3379,11.0774,6.2084,0.9577
2.547,23.3741,5.6434,3.2557,1.7642,4.7549,5.3034
5.745,22.0633,4.7149,3.1903,1.1829,8.6768,7.1222
12.714,50.619,29.7097,30.6896,29.6969,18.7232,25.4121
10.022,62.2402,20.1057,22.4334,18.5991,13.5993,19.6456
5.356,30.1547,6.8287,1.2971,3.4317,6.6337,8.8033
2.211,20.5871,4.1551,1.8979,3.5231,5.3602,2.0717
7.307,35.4962,2.1871,-3.9075,-0.5036,7.1465,1.4881
2.887,38.9731,8.1658,12.9516,13.7171,6.4982,5.9775
3.695,34.1494,7.9794,12.2768,12.0424,6.1152,4.9927
6.217,5.5343,8.3841,-15.2316,-19.3346,8.5702,8.4263
3.824,39.2593,8.2508,22.4932,14.032,6.1498,0.5968
16.365,35.9059,-8.2997,-21.8568,-14.6639,14.6539,15.6144
2.477,38.7237,6.6986,14.8072,20.4574,6.2899,0.5859
5.816,32.5449,4.4974,5.0757,1.0592,6.4059,6.5104
3.287,32.7098,6.617,7.9923,7.8244,5.8871,4.8316
2.691,25.2381,6.3219,4.6992,2.4114,4.9535,4.3818
5.616,32.5937,7.5826,19.7576,23.9412,10.9135,13.3722
9.149,39.0529,5.6386,3.1409,5.4592,9.4309,10.1095
6.135,38.36,10.8039,14.0976,10.0672,10.1782,4.604
4.146,30.5022,7.6814,11.5962,8.1638,5.7153,6.6404
2.106,18.7801,9.2043,2.0156,2.9158,6.6664,1.9357
4.541,16.0511,2.0217,-6.4532,-0.3156,6.2908,8.5037
3.438,43.4043,5.7744,18.1608,17.427,6.681,9.435
8.634,49.3948,19.0719,16.5753,13.3253,9.7654,7.6859
3.421,28.9297,9.6789,-0.0718,7.1267,5.6642,3.7388
7.946,73.3918,15.314,28.0168,36.7387,9.2679,14.7784
2.753,30.4473,5.2972,5.3618,3.5229,5.2647,-1.4581
9.847,51.4341,23.3259,23.9392,23.6897,13.6785,14.5546
5.067,40.5741,5.3408,6.0648,5.0724,4.8834,0.8163
3.284,21.5157,5.2813,3.0148,-0.6151,5.6607,-4.1237
3.34,28.6632,6.2865,3.4547,1.7527,4.7687,7.4007
4.081,25.8043,10.197,7.9848,11.6878,5.8667,-1.0496
2.619,28.4499,3.6167,-0.3077,-1.7448,4.4164,7.0464
1.857,22.907,4.0036,-7.4919,-3.3029,4.2236,7.0013
4.492,43.0766,15.8188,13.4682,16.8494,6.686,-0.5332
4.479,3.789,-2.0298,-19.7423,-8.4285,5.1868,-4.2079
3.182,33.9421,10.1796,11.3989,11.2702,5.9738,8.4502
3.956,18.5413,5.5706,-1.2587,-1.8466,4.3551,1.5689
7.404,39.9165,5.6586,10.8931,9.7685,11.3827,16.1387
2.837,26.7023,8.8746,4.1651,7.5856,6.2683,3.3186
6.046,32.6487,6.7734,8.481,5.9476,6.8456,10.7084
8.36,45.6193,5.5363,10.625,6.6158,11.2977,9.4597
4.197,31.1739,7.9094,12.9867,11.1423,6.1009,7.1982
3.488,29.427,4.3109,7.7027,3.6972,5.4687,2.8687
3.71,30.2803,8.8404,4.9314,10.3529,5.6942,4.4167
2.871,33.7443,5.3401,5.563,7.4647,6.2916,2.3076
3.012,26.5935,6.6827,-4.7318,1.4497,6.9128,5.2802
12.948,59.8449,8.395,11.8623,14.8561,14.6395,26.0933
9.724,39.3256,3.5669,-7.8167,14.0838,12.634,13.8363
6.039,23.2866,-2.4784,-17.7563,-11.1142,4.2885,7.2044
5.433,50.5699,19.8768,26.552,11.1705,8.4347,14.0281
11.178,43.6166,10.6803,-9.9867,-3.812,10.0056,1.5383
4.108,35.0314,13.3903,21.1097,13.1985,7.7345,11.7262
8.384,41.4172,15.0849,9.4321,17.1658,10.8861,4.7367
3.948,24.4538,3.8485,-5.6987,0.5505,5.178,6.4688
10.941,68.94,16.1896,30.6583,27.6332,16.5678,28.2843
2.703,22.2959,3.4996,1.9218,-4.1039,4.8192,-4.188
23.4,85.2047,29.853,46.4903,45.631,18.3322,35.778
5.966,33.5371,8.889,6.9642,2.1338,9.7845,12.0922
10.466,39.4253,6.7434,15.8933,3.7948,12.5739,9.8761
3.696,25.038,6.5336,6.9685,13.5053,5.7641,2.7113
5.806,33.1031,11.9893,17.8841,15.2317,7.9798,3.7719
3.265,33.3424,8.0428,14.9167,10.2257,7.0142,-7.695
2.984,29.2092,6.0164,-3.3564,-4.2694,4.6726,-1.1748
11.688,60.4169,10.0636,26.0296,12.4372,15.4781,20.5157
10.198,42.0213,5.1658,8.2196,8.189,14.2205,10.1422
8.017,46.1349,11.4557,13.2384,12.6652,11.0626,8.5217
1.839,32.7686,5.9029,3.492,12.4158,6.1165,1.0547
15.542,42.3228,14.0224,11.8857,23.3111,15.875,22.1966
7.465,41.4567,9.2258,10.5467,13.7644,9.9315,12.6287
4.107,23.3728,5.0836,5.019,4.1489,5.2103,8.2211
5.482,45.8425,10.9768,28.361,17.5176,9.419,16.0427
6.259,47.1891,14.824,15.5621,8.2189,11.3614,19.2069
4.839,23.7418,6.9569,0.4256,4.1874,5.7029,8.2844
1.547,23.4321,3.2781,-6.1418,4.8102,5.4395,-1.9176
4.48,30.5362,10.4775,6.9293,4.6623,6.7505,6.1767
4.421,35.5551,10.075,19.4125,10.0289,7.6515,6.6224
14.38,65.1614,18.7647,35.3677,25.7682,17.1576,21.7668
5.527,24.2291,8.3928,5.5743,8.3441,9.2489,16.1999
5.03,38.0125,13.4805,14.4452,14.7116,8.4457,13.631
8.65,44.9659,16.3611,14.9058,15.3064,14.6071,17.868
0.964,12.2836,1.4087,-5.7348,-10.5502,3.5219,-3.6277
6.28,37.0317,4.6488,2.4707,11.6227,7.4957,5.3952
5.311,42.6863,8.6725,7.8514,13.6211,8.6785,6.9759
18.693,71.3788,22.3539,27.4404,35.5666,19.3782,26.4144
5.422,31.1853,5.3908,-5.4151,0.1995,5.7547,10.1026
14.895,44.1213,6.6924,-26.2351,8.3103,16.0665,23.8938
4.249,42.3132,4.1735,23.7568,4.3836,6.0981,2.5873
12.435,24.9198,9.0964,-4.9003,-2.355,15.5997,20.1308
4.728,15.4757,4.9679,-4.8097,-0.8338,5.3273,8.974
6.082,28.4314,0.8047,-2.1594,-10.9779,7.3629,7.1255
4.189,37.5588,4.7617,9.2649,8.0977,5.7133,3.4665
2.044,24.769,6.039,0.7235,2.5891,5.3274,9.3836
8.389,43.2983,12.1481,9.1184,9.3195,10.5152,14.672
4.556,34.9694,6.1832,11.3186,9.5384,5.8477,6.9226
5.61,29.9136,5.0341,6.0826,2.6074,6.4378,9.4303
3.426,22.3839,8.224,4.5583,3.0797,6.2257,3.6514
5.181,41.1608,5.0414,4.1587,5.6564,4.8636,0.7312
2.415,24.9016,2.928,2.0657,-7.0941,4.3284,3.5348
2.99,25.3313,5.9603,3.9583,2.251,4.1782,10.9032
18.607,44.9851,5.603,-9.3117,-10.82,13.3036,18.6539
4.741,18.1229,5.1422,-9.5139,0.7379,7.283,5.4311
4.582,24.1539,7.3657,4.4933,8.7032,5.2283,6.9017
3.848,17.3184,3.6372,-6.4149,-14.2528,6.6946,-3.5803
4.249,36.6125,5.3727,12.9546,8.924,6.2389,5.7468
5.501,38.0635,10.2047,16.9022,10.2509,7.3753,4.1735
4.53,35.126,1.8226,-2.5442,-4.2498,4.5729,12.1248
3.471,35.0308,7.456,13.3519,10.3121,5.3114,4.5565
5.344,38.0298,3.6534,7.8445,3.6057,5.3528,1.9952
3.176,27.8521,0.9625,12.3754,3.5901,4.3003,7.6562
2.517,24.2322,4.2195,-9.4064,-2.2738,5.2655,1.486
8.161,31.5284,2.1565,5.8674,10.022,7.3971,14.3506
7.813,69.8491,23.9959,31.48,29.266,11.117,6.7169
9.468,73.0762,12.1635,31.7481,26.4529,12.1076,15.5849
7.007,31.4982,9.7832,6.2132,4.8013,9.667,14.9983
4.58,46.8126,7.6877,24.9762,16.059,7.4731,-0.6897
4.045,19.9227,4.5496,4.616,6.6001,7.3346,11.3382
4.697,23.5238,4.9034,-15.1854,-2.4751,8.2233,4.4066
5.483,47.5183,9.2579,25.7933,12.7513,8.6371,4.9593
1.742,20.1946,0.6026,-12.5422,-3.4967,4.1974,4.1324
7.895,68.5571,21.8021,39.5354,22.1293,10.3928,8.9487
9.041,28.5722,5.3972,-1.9391,0.6684,8.6535,10.4746
3.065,24.6007,5.1627,-0.5712,0.4027,5.2311,7.5707
6.825,60.9154,9.4632,22.9149,22.6728,8.0418,11.6465
1.968,20.9537,5.0007,2.3982,-2.6669,4.9241,-0.111
1.294,37.5867,10.274,26.171,18.7419,6.792,4.8787
5.31,37.6995,7.452,13.0221,12.5932,7.5909,6.7774
5.237,32.0662,3.1958,-5.5875,2.3094,4.4438,6.4087
8.16,27.4876,1.7028,-9.7174,-5.9378,8.8067,8.635
3.879,36.1212,2.2384,7.6871,-3.2329,4.6717,8.0775
4.327,42.5508,10.1135,17.6684,18.0531,10.2169,12.5122
7.275,38.377,5.9632,3.4899,6.149,10.6535,13.8369
13.416,57.6018,10.0827,15.7061,16.61,13.5858,17.8583
8.907,47.2753,9.3606,6.6693,7.095,12.6232,16.8
14.53,118.6547,29.9599,88.5146,68.2406,14.5701,17.0453
3.975,33.3459,6.2523,0.17,6.3226,5.8768,-0.5011
1.596,17.2323,4.2271,-6.7827,-3.4192,4.5728,-4.4317
5.099,25.8163,7.4243,6.7429,-3.7988,8.3424,2.9857
12.4,53.9427,9.798,9.8702,7.8814,12.5994,13.925
3.188,27.2802,4.9753,2.6892,2.3609,4.249,6.0752
21.112,45.8378,14.0127,3.6316,24.6851,18.6589,22.1797
4.519,37.7976,4.331,5.961,3.8072,5.3235,5.1477
3.24,33.7664,1.3108,1.2592,-9.9715,4.3905,-4.2156
23.214,69.6407,19.8118,13.7524,22.9858,18.9808,17.6829
7.343,42.4734,9.8182,12.0603,13.2735,9.3065,13.7637
9.873,65.861,13.8039,30.0413,19.1061,11.4196,5.9854
3.981,33.0906,5.6255,0.2439,5.0185,6.1924,4.646
13.596,75.9064,26.7501,33.8042,32.8972,17.3761,26.7358
9.041,36.0819,7.7053,-0.2567,8.827,12.7666,18.3378
7.652,26.8421,4.687,-10.7817,-6.5402,8.9014,9.1006
8.881,53.3926,11.3394,21.7726,16.0893,11.4541,20.0623
16.565,32.815,-4.9465,-28.526,-11.6359,15.6173,20.9257
13.951,31.981,1.2812,-11.9962,-11.8332,14.6871,17.777
8.818,35.2755,13.74,9.8572,28.1821,14.2986,22.0142
5.99,34.5579,16.4476,17.5786,19.7931,10.835,9.7383
2.972,37.9429,4.3446,8.5389,6.3529,6.4871,1.7473
4.314,25.0757,4.4294,-4.6025,6.255,4.8166,4.2112
15.014,12.6248,5.1622,-21.1537,-4.9498,15.8792,12.855
3.954,19.7963,0.4043,-21.2095,-14.8485,7.5309,4.9734
2.591,25.6922,5.4967,7.1105,9.1612,5.379,9.7092
11.461,53.6587,16.1746,7.1599,20.8872,12.3706,10.1526
15.823,74.1051,7.3822,8.1827,24.9842,17.8081,25.2109
3.311,28.227,5.4152,-3.1783,0.1913,5.6062,-6.6742
3.814,33.252,6.894,9.2195,11.8432,6.457,-3.5691
8.125,55.1612,17.0081,24.4281,22.171,11.9187,11.7069
6.133,42.5445,18.5065,13.3856,17.2122,12.442,6.7873
18.315,73.7166,22.6314,25.5157,38.7044,19.5283,24.3916
21.095,71.008,7.2901,12.2532,15.2003,15.8863,25.2477
6.575,58.9999,14.4835,28.1918,30.5804,8.899,4.4788
7.031,60.7075,17.6581,31.4589,30.1647,9.9079,10.0921
5.605,40.4717,5.4274,6.9171,5.9369,6.3075,6.6008
4.743,36.0572,9.8485,11.6728,10.7462,8.5611,12.7278
